[{"model":"00GI0","serialNumber":"WLPD6IGZ9KYBK8A","manufacturedDate":"2022-09-26T10:04:07.3037054+00:00","category":"Land"},{"model":"04QLV","serialNumber":"7M1DO0XEK6RXAOB","manufacturedDate":"2022-09-10T10:04:07.3036841+00:00","category":"Land"},{"model":"198D8","serialNumber":"3F9UX8ABK17ZXCL","manufacturedDate":"2022-10-01T10:04:07.3037113+00:00","category":"Land"},{"model":"1C8DA","serialNumber":"I0E37E01XXK6R8P","manufacturedDate":"2022-09-16T10:04:07.3036933+00:00","category":"Land"},{"model":"29PZU","serialNumber":"546ANNRTE8FA3LL","manufacturedDate":"2022-09-11T10:04:07.303687+00:00","category":"Land"},{"model":"2UKUQ","serialNumber":"OT586HQS9X44ZLU","manufacturedDate":"2022-09-17T10:04:07.3036945+00:00","category":"Land"},{"model":"31ADX","serialNumber":"X1ANB5TEMHCFI17","manufacturedDate":"2022-10-05T10:04:07.3037273+00:00","category":"Land"},{"model":"32DZ6","serialNumber":"I8Y0S0LFI1IRTRV","manufacturedDate":"2022-09-21T10:04:07.3036996+00:00","category":"Flying"},{"model":"33D4M","serialNumber":"BUCTMQEBLSH1NXV","manufacturedDate":"2022-09-18T10:04:07.3036958+00:00","category":"Flying"},{"model":"4NWQC","serialNumber":"L1WQFYUYW993VB3","manufacturedDate":"2022-10-16T10:04:07.3095203+00:00","category":"Land"},{"model":"4QMWQ","serialNumber":"DOGRQCRB058YGEY","manufacturedDate":"2022-09-20T10:04:07.3036984+00:00","category":"Land"},{"model":"5GYIU","serialNumber":"NDYRQVKO0NSJLCZ","manufacturedDate":"2022-09-28T10:04:07.3037079+00:00","category":"Land"},{"model":"5IQ4F","serialNumber":"BGBD37HUVJ6GIET","manufacturedDate":"2022-09-27T10:04:07.3037067+00:00","category":"Flying"},{"model":"622L2","serialNumber":"U771R1MZGWNW90L","manufacturedDate":"2022-09-15T10:04:07.303692+00:00","category":"Flying"},{"model":"7GAXV","serialNumber":"MLR33P81G5K3UKH","manufacturedDate":"2022-10-11T10:04:07.3095138+00:00","category":"Land"},{"model":"8SUXH","serialNumber":"X33I1X5FPEV5PJT","manufacturedDate":"2022-09-30T10:04:07.3037102+00:00","category":"Flying"},{"model":"92II3","serialNumber":"8U361DPQSDHUM87","manufacturedDate":"2022-10-25T10:04:07.309532+00:00","category":"Land"},{"model":"9QF7J","serialNumber":"W8C0NX7P91AXOT4","manufacturedDate":"2022-09-09T10:04:07.3020214+00:00","category":"Flying"},{"model":"CP00B","serialNumber":"IDAL0R3ZC1V9CBU","manufacturedDate":"2022-09-13T10:04:07.3036896+00:00","category":"Land"},{"model":"CSFDH","serialNumber":"QAVXZ543JQSUL39","manufacturedDate":"2022-09-24T10:04:07.3037031+00:00","category":"Flying"},{"model":"D5GBQ","serialNumber":"JRI3TE5HEST5RMG","manufacturedDate":"2022-10-18T10:04:07.309523+00:00","category":"Flying"},{"model":"DA8I6","serialNumber":"4DWQ0HLUJRLHEK8","manufacturedDate":"2022-10-07T10:04:07.3037297+00:00","category":"Land"},{"model":"DK1XD","serialNumber":"VP9P614ELO44QUT","manufacturedDate":"2022-10-10T10:04:07.3095124+00:00","category":"Land"},{"model":"DZ309","serialNumber":"0RBBH0ICVJ4QJKO","manufacturedDate":"2022-09-14T10:04:07.3036908+00:00","category":"Land"},{"model":"F0Q8Z","serialNumber":"0L38WREYTP2RT97","manufacturedDate":"2022-09-23T10:04:07.3037019+00:00","category":"Land"},{"model":"G2680","serialNumber":"WWZKU4E90A8TRYO","manufacturedDate":"2022-10-02T10:04:07.3037236+00:00","category":"Land"},{"model":"GPYA3","serialNumber":"4BLK2NH9Y3MTLGC","manufacturedDate":"2022-10-04T10:04:07.303726+00:00","category":"Land"},{"model":"HMR7Y","serialNumber":"08ZL8BZST6ZBSPW","manufacturedDate":"2022-10-14T10:04:07.3095178+00:00","category":"Land"},{"model":"I5CB4","serialNumber":"XLJ4G5D7UJ211Y3","manufacturedDate":"2022-10-23T10:04:07.3095294+00:00","category":"Land"},{"model":"ILSFE","serialNumber":"53ZA7I2VZ16UC4U","manufacturedDate":"2022-10-17T10:04:07.3095217+00:00","category":"Land"},{"model":"JAKT0","serialNumber":"8GPSWLKLTVBNXZH","manufacturedDate":"2022-09-22T10:04:07.3037007+00:00","category":"Land"},{"model":"JH9MX","serialNumber":"A2ECJNWASC1P11Z","manufacturedDate":"2022-09-12T10:04:07.3036883+00:00","category":"Flying"},{"model":"JHS65","serialNumber":"5SXGF4F52T8QI70","manufacturedDate":"2022-10-15T10:04:07.3095191+00:00","category":"Flying"},{"model":"K8FVR","serialNumber":"2D8PDAKGN50CDII","manufacturedDate":"2022-10-13T10:04:07.3095165+00:00","category":"Land"},{"model":"KSN0E","serialNumber":"NEZOFON1R26FFZT","manufacturedDate":"2022-10-21T10:04:07.3095269+00:00","category":"Flying"},{"model":"LS1WC","serialNumber":"LBDOYCRNFU4HFLP","manufacturedDate":"2022-10-22T10:04:07.3095281+00:00","category":"Land"},{"model":"MBLZC","serialNumber":"6AW68ZA4KKPP02O","manufacturedDate":"2022-10-24T10:04:07.3095307+00:00","category":"Flying"},{"model":"MG0F4","serialNumber":"JULGD5C141KPL18","manufacturedDate":"2022-10-27T10:04:07.3095346+00:00","category":"Flying"},{"model":"NV5Q3","serialNumber":"NVQHIAD0XCBJXDU","manufacturedDate":"2022-10-20T10:04:07.3095256+00:00","category":"Land"},{"model":"PC5NW","serialNumber":"E0343XV5U4UTM99","manufacturedDate":"2022-10-08T10:04:07.3037308+00:00","category":"Land"},{"model":"PJLJ8","serialNumber":"AWEZNS2FOFZTIK2","manufacturedDate":"2022-09-29T10:04:07.303709+00:00","category":"Land"},{"model":"RBWT7","serialNumber":"6984DP10RZMERZ4","manufacturedDate":"2022-10-19T10:04:07.3095244+00:00","category":"Land"},{"model":"S4IU2","serialNumber":"X34YG6HM8M8D9NL","manufacturedDate":"2022-10-03T10:04:07.3037248+00:00","category":"Flying"},{"model":"UVHO2","serialNumber":"DGT3GHKKN0AFUV2","manufacturedDate":"2022-10-09T10:04:07.3095096+00:00","category":"Flying"},{"model":"VRU63","serialNumber":"YHYFAP13KSOOUMG","manufacturedDate":"2022-10-06T10:04:07.3037285+00:00","category":"Flying"},{"model":"XHE6P","serialNumber":"MF896FYAC56JEB0","manufacturedDate":"2022-10-12T10:04:07.3095151+00:00","category":"Flying"},{"model":"XNR5F","serialNumber":"GV2E2T3X1FWUM1I","manufacturedDate":"2022-09-25T10:04:07.3037043+00:00","category":"Land"},{"model":"XZM6Q","serialNumber":"4JXJ3MB9J3U2C6D","manufacturedDate":"2022-10-26T10:04:07.3095334+00:00","category":"Land"},{"model":"Z4F7Z","serialNumber":"YH293PHFNV9QQIP","manufacturedDate":"2022-09-19T10:04:07.303697+00:00","category":"Land"},{"model":"Z7UCP","serialNumber":"CPGYTPRQ4UQ8HCH","manufacturedDate":"2022-10-28T10:04:07.3095358+00:00","category":"Land"}]